﻿{"cameraMode":{"drawMode":0,"name":"Shaded","section":"Shading Mode"},"sceneLighting":false,"audioPlay":false,"sceneViewState":{"showFog":true,"showMaterialUpdate":true,"showSkybox":false,"showFlares":true,"showImageEffects":true,"showParticleSystems":true},"in2DMode":false,"pivot":{"x":0.8399999141693115,"y":0.5399999618530273,"z":-2.569999933242798},"rotation":{"x":-0.10705752670764923,"y":0.8377170562744141,"z":-0.17751091718673707,"w":-0.5052313804626465},"size":2.02082896232605,"orthographic":false}