﻿{"cameraMode":{"drawMode":0,"name":"Shaded","section":"Shading Mode"},"sceneLighting":true,"audioPlay":false,"sceneViewState":{"showFog":true,"showMaterialUpdate":true,"showSkybox":true,"showFlares":true,"showImageEffects":true,"showParticleSystems":true},"in2DMode":false,"pivot":{"x":-64.92374420166016,"y":-27.16360092163086,"z":47.17558288574219},"rotation":{"x":-0.15066289901733399,"y":0.4464573860168457,"z":-0.07655012607574463,"w":-0.8787016868591309},"size":109.37528991699219,"orthographic":false}