﻿{"cameraMode":{"drawMode":0,"name":"Shaded","section":"Shading Mode"},"sceneLighting":false,"audioPlay":false,"sceneViewState":{"showFog":true,"showMaterialUpdate":true,"showSkybox":false,"showFlares":true,"showImageEffects":true,"showParticleSystems":true},"in2DMode":false,"pivot":{"x":2.059999942779541,"y":0.25,"z":-2.5299999713897707},"rotation":{"x":-0.10705752670764923,"y":0.8377170562744141,"z":-0.17751091718673707,"w":-0.5052313804626465},"size":3.1244828701019289,"orthographic":false}